dataset,config,N,cv_score_mean,test_accuracy,test_f1_macro,n_features,n_nonzero_features,fit_predict_time_s
ECG200,lin+time,5,0.8399999999999999,0.82,0.8046875,62,12.0,3.690724672997021
ECG200,lin+time+lead-lag,5,0.8299999999999998,0.85,0.8382051558623664,1364,168.0,0.4665852180041838
ECG200,rectilinear+time,5,0.8200000000000001,0.79,0.7676734152007965,62,11.0,0.9221956139954272
ECG200,lin+time+cumsum,5,0.8,0.73,0.7012943909724527,62,19.0,2.7820259160071146
RacketSports,lin+time,4,0.8741935483870968,0.8421052631578947,0.8508756410209594,2800,218.0,2.1530648250045488
RacketSports,lin+time+lead-lag,4,0.8210752688172043,0.8552631578947368,0.8636793551015657,41370,546.0,30.54740014800336
RacketSports,rectilinear+time,4,0.8673118279569894,0.8421052631578947,0.8500838214073508,2800,315.0,1.823264467006084
RacketSports,lin+time+cumsum,4,0.8481720430107528,0.8355263157894737,0.8486064497300452,2800,467.0,1.8021051830000945
CharTraj,lin+time,5,0.9901507289350135,0.983983286908078,0.9822931036058632,1364,800.0,58.02603170600196
CharTraj,lin+time+lead-lag,5,0.9873412404250062,0.9860724233983288,0.9848219619286194,37448,7506.0,1343.732293516994
CharTraj,rectilinear+time,5,0.9901507289350135,0.9798050139275766,0.9775813213765256,1364,744.0,50.362927274007234
CharTraj,lin+time+cumsum,5,0.9929651593773166,0.9860724233983288,0.984759483810054,1364,856.0,50.44959949099575
NATOPS,lin+time,3,0.9333333333333332,0.9055555555555556,0.905448538041178,16275,333.0,24.196333239000523
NATOPS,lin+time+lead-lag,3,,,,127550,,
NATOPS,rectilinear+time,3,0.9277777777777778,0.9,0.9001764328104978,16275,241.0,21.90922906801279
NATOPS,lin+time+cumsum,3,0.9444444444444444,0.9111111111111112,0.9124995661142682,16275,980.0,21.323758942002318
