metric,train,test
n_series,1422.0,1436.0
T_min,60.0,61.0
T_max,180.0,182.0
T_mean,120.16,119.82
d,3.0,3.0
n_classes,20.0,20.0
class_a_count,85.0,86.0
class_b_count,70.0,71.0
class_c_count,71.0,71.0
class_d_count,78.0,79.0
class_e_count,93.0,93.0
class_g_count,69.0,69.0
class_h_count,63.0,64.0
class_l_count,87.0,87.0
class_m_count,62.0,63.0
class_n_count,65.0,65.0
class_o_count,70.0,71.0
class_p_count,65.0,66.0
class_q_count,62.0,62.0
class_r_count,59.0,60.0
class_s_count,66.0,67.0
class_u_count,65.0,66.0
class_v_count,77.0,78.0
class_w_count,62.0,63.0
class_y_count,68.0,69.0
class_z_count,85.0,86.0
