dataset,model,N,accuracy,f1_macro,feature_dim,cv_score,time_s,C_best
ECG200,LR-L2,1,0.64,0.3902439024390244,2,0.6900000000000001,3.177033157000551,0.001
ECG200,LR-L1,1,0.64,0.3902439024390244,2,0.6900000000000001,0.0492464530107099,0.1
ECG200,LR-L2,2,0.68,0.5482778091473743,6,0.74,0.0609234049916267,0.1
ECG200,LR-L1,2,0.67,0.5951417004048583,6,0.74,0.0542868430056842,1.0
ECG200,LR-L2,3,0.67,0.5951417004048583,14,0.77,0.0827361950068734,0.1
ECG200,LR-L1,3,0.67,0.6108031607500884,14,0.7300000000000001,0.1153697010013274,100.0
ECG200,LR-L2,4,0.73,0.7012943909724527,30,0.8100000000000002,0.1097697049990529,1.0
ECG200,LR-L1,4,0.72,0.6834011759384894,30,0.8300000000000001,0.2692602870083647,1.0
ECG200,LR-L2,5,0.83,0.8166325099773487,62,0.86,0.2065973369899438,1.0
ECG200,LR-L1,5,0.82,0.8046875,62,0.8399999999999999,0.7966742469870951,1.0
ECG200,LR-L2,6,0.78,0.7582417582417582,126,0.8400000000000001,0.2330502279946813,0.1
ECG200,LR-L1,6,0.81,0.795059864092331,126,0.8099999999999999,0.2981700759992236,1.0
ECG200,LR-L2,7,0.8,0.7829861111111112,254,0.8400000000000001,0.2022137669991934,0.1
ECG200,LR-L1,7,0.81,0.795059864092331,254,0.8399999999999999,0.2141999449959257,1.0
ECG200,LR-L2,8,0.81,0.795059864092331,510,0.8399999999999999,0.2963462049956433,0.1
ECG200,LR-L1,8,0.85,0.8316687240489282,510,0.82,0.2141423589928308,10.0
ECG200,LR-L2,9,0.83,0.8143902172726281,1022,0.85,0.3621367339947028,0.1
ECG200,LR-L1,9,0.82,0.8046875,1022,0.8299999999999998,0.3362327059876406,1.0
ECG200,LR-L2,10,0.84,0.8283998283998284,2046,0.8300000000000001,0.7830842330004089,0.1
ECG200,LR-L1,10,0.83,0.8143902172726281,2046,0.82,0.59816807101015,1.0
RacketSports,LR-L2,1,0.4078947368421052,0.4206752259005075,7,0.450752688172043,0.0800261469994438,0.1
RacketSports,LR-L1,1,0.3026315789473684,0.2126893939393939,7,0.4496774193548386,0.1520857529976638,0.2754999999999999
RacketSports,LR-L2,2,0.7105263157894737,0.7262835423376993,56,0.7886021505376345,0.1880034770001657,1.0
RacketSports,LR-L1,2,0.75,0.7585319823206282,56,0.6696774193548387,18.560156905004987,250.525
RacketSports,LR-L2,3,0.7960526315789473,0.8068833943833944,399,0.8544086021505377,0.3214800940040732,1.0
RacketSports,LR-L1,3,0.8289473684210527,0.837707961972668,399,0.8339784946236559,0.4035276760114357,2.8
RacketSports,LR-L2,4,0.8289473684210527,0.8390047905621019,2800,0.8541935483870968,1.827710026002024,1.0
RacketSports,LR-L1,4,0.8421052631578947,0.8508756410209594,2800,0.8741935483870968,2.515406676000566,3.25
RacketSports,LR-L2,5,0.8421052631578947,0.8511761367602295,19607,0.8341935483870968,7.250100734992884,10.0
RacketSports,LR-L1,5,0.8881578947368421,0.8941230894883041,19607,0.84752688172043,17.840246678999392,0.775
CharTraj,LR-L2,1,0.3837047353760445,0.3431953453154664,4,0.3839634297010131,0.4170804809982655,10.0
CharTraj,LR-L1,1,0.1469359331476323,0.1024949411247547,4,0.3614603409933283,0.9900483910023468,1.10575
CharTraj,LR-L2,2,0.8892757660167131,0.8790509800959114,20,0.891685198912775,2.1228263189987047,100.0
CharTraj,LR-L1,2,0.7256267409470752,0.732988385937166,20,0.8396688905361998,632.0610106639942,234.05005
CharTraj,LR-L2,3,0.9763231197771588,0.9743008914246224,84,0.975386706202125,1.889258276991313,10.0
CharTraj,LR-L1,3,0.9686629526462396,0.9658449476518484,84,0.9767926859402026,46.78141596500063,215.2
CharTraj,LR-L2,4,0.979108635097493,0.9769234881506352,340,0.9810180380528783,3.449893634999171,0.1
CharTraj,LR-L1,4,0.9756267409470752,0.9733811733780294,340,0.9824190758586606,26.912551706001977,263.35
CharTraj,LR-L2,5,0.977715877437326,0.9755621521428623,1364,0.9831257721769212,14.351853137995931,0.1
CharTraj,LR-L1,5,0.983983286908078,0.9822931036058632,1364,0.9901507289350135,57.066885822001495,119.305
CharTraj,LR-L2,6,0.9784122562674096,0.9764192064325188,5460,0.9831257721769212,33.52419895300409,10.0
CharTraj,LR-L1,6,0.9825905292479108,0.980954912158215,5460,0.9866394860390412,228.01533815899165,122.905
CharTraj,LR-L2,7,0.9798050139275766,0.977864929242192,21844,0.9817197924388438,127.58223056601128,1.0
CharTraj,LR-L1,7,0.9860724233983288,0.9847781565126814,21844,0.9859327897207808,1027.3752547829936,68.905
NATOPS,LR-L2,1,0.311111,0.30442,25,0.327778,2.894624,0.01
NATOPS,LR-L1,1,0.177778,0.072631,25,0.255556,0.32812,0.1675
NATOPS,LR-L2,2,0.844444,0.848211,650,0.905556,0.839233,0.1
NATOPS,LR-L1,2,0.877778,0.875499,650,0.916667,1.126372,2.5
NATOPS,LR-L2,3,0.877778,0.880133,16275,0.922222,11.974044,0.01
NATOPS,LR-L1,3,0.905556,0.905449,16275,0.933333,19.970782,2.2
