dataset,method,config,N,feature_dim,nnz_features,test_accuracy,test_f1_macro,fit_time_s
ECG200,Baseline stats,stats+LR-L1,,4,,0.71,0.6579785352046232,0.038528643985046
ECG200,Sig+LR (N*),lin+time+LR-L2,5.0,62,,0.83,0.8166325099773487,0.2065973369899438
ECG200,Sig+aug (best_config),lin+time,5.0,62,12.0,0.82,0.8046875,3.690724672997021
RacketSports,Baseline stats,stats+LR-L1,,24,,0.7697368421052632,0.7838289514733827,0.7094652639934793
RacketSports,Sig+LR (N*),lin+time+LR-L1,4.0,2800,,0.8421052631578947,0.8508756410209594,2.515406676000566
RacketSports,Sig+aug (best_config),lin+time,4.0,2800,218.0,0.8421052631578947,0.8508756410209594,2.1530648250045488
CharTraj,Baseline stats,stats+LR-L2,,12,,0.942200557103064,0.9368950942666436,0.6106426379992627
CharTraj,Sig+LR (N*),lin+time+LR-L1,5.0,1364,,0.983983286908078,0.9822931036058632,57.066885822001495
CharTraj,Sig+aug (best_config),lin+time+cumsum,5.0,1364,856.0,0.9860724233983288,0.984759483810054,50.44959949099575
CharTraj,RFormer,lin+time,5.0,574868,,0.9763231197771588,0.9740969800256304,15.421052421000011
NATOPS,Baseline stats,stats+LR-L2,,96,,0.8388888888888889,0.8383447184780889,0.3998981740151066
NATOPS,Sig+LR (N*),lin+time+LR-L1,3.0,16275,,0.905556,0.905449,19.970782
NATOPS,Sig+aug (best_config),lin+time+cumsum,3.0,16275,980.0,0.9111111111111112,0.9124995661142682,21.32375894200232
NATOPS,RFormer,lin+time,3.0,2481670,,0.9055555555555556,0.905041581537222,1.9047620509999772
